Underlying,Strike,IV,TTM,RF,DivRate
110.68662439054133,106.54813780248354,0.2,153,0.045,0.05271324070673078
