Asset1,Asset2,Asset3
0.04685168593829572,0.02446837378982429,0.02409997110054705
0.02446837378982429,0.043822532284430754,0.02330787310046991
0.02409997110054705,0.02330787310046991,0.042512857841895145
