RF,Expected_Value_1,Expected_Value_2,Expected_Value_3
0.045,0.19054652895941865,0.1857628255256702,0.18364346099742823
