weight1,weight2,weight3
0.4783918541091038,0.16958532366722964,0.3520228222236666
